,event,matched_pair_id,pair_rank,frame_1_article_id,frame_2_article_id,frame_1_title,frame_2_title,frame_1_source,frame_2_source,frame_1_body,frame_2_body,frame_1_aligned_frame_1_score,frame_1_aligned_frame_2_score,frame_2_aligned_frame_1_score,frame_2_aligned_frame_2_score,frame_1_aligned_body_length,frame_2_aligned_body_length,length_gap,pair_alignment_strength
0,alex_pretti,187f621a17c5c6bf7c2fad387998c56c,1,b2c0217acbd90953f96d830cbb608962,5fa768a9cc09122e1116183297cd0523,The Second Amendment Role Reversal,The Trump Administration Is Lying About Gun Rights and the Death of Alex Pretti,nationalreview,reason,REDACTED,REDACTED,1,-1,-2,2,5930,5913,17,6.0
1,alex_pretti,e3ce34bd1a952992549b576d5c64c5c6,2,737b667f953f6a5a8c8913abcbaee290,04485bf20732feba4c03b9721298e87e,"Alex Pretti shot by two DHS agents during fatal encounter in Minneapolis, agency review finds",Alex Pretti broke rib in clash with federal agents a week before death: CNN,nypost,thehill,REDACTED,REDACTED,1,-1,-2,2,2699,2644,55,6.0
2,alex_pretti,67889e9707614496556ef8633dc1f7de,3,145db9271040805df0a230b9dcd51b0d,e4e66142ab3377faf379d08f0c359a20,New footage appears to show Alex Pretti kicking and spitting on federal agent's car,Medical report: Minneapolis nurse Alex Pretti died by homicide in federal shooting,thenationaldesk,thenationaldesk,REDACTED,REDACTED,1,-1,-2,2,1107,1177,70,6.0
3,alex_pretti,48ae3ca4b8620989a5ea050a44a9551b,4,304715ee16904b3280c3a09de9d0332c,813e69b04f81e71766566731fb84c120,2 federal agents placed on leave following Alex Pretti's deadly shooting: report,Even Stephen Miller is jumping on CBP for the killing of Alex Pretti,thenationaldesk,politico,REDACTED,REDACTED,1,-1,-2,2,1899,1992,93,6.0
4,alex_pretti,0a53723cd2ee762e651f48807dac2901,5,c1da3f605694696a9b1aea10e1b2ccef,00dd4192bc0298315f3057550ead7307,CBP/Border Patrol agents placed on administrative leave after deadly confrontation with Alex Pretti,"DOJ opens federal civil rights probe into death of Alex Pretti, deputy AG says",foxnews,thenationaldesk,REDACTED,REDACTED,1,-1,-2,2,2416,2557,141,6.0
5,alex_pretti,b02f7f215fabc2257fe6466127f11aea,6,7bb484b3ecb1c22e3b73cd2332d43321,438e0a5f6482ceeba73c237fba491a46,Alex Pretti was no protester — here’s who bears blame for his death,"Alex Pretti did not brandish gun, witnesses say in sworn testimony",nypost,theguardian,REDACTED,REDACTED,1,-1,-2,2,4022,4212,190,6.0
6,alex_pretti,55d9cb3286c16d198f1711c74907f6a1,7,878740dda4c9e1dbb68e12d61a697ab6,cce16237c551c5cf3c60fdac856a0fee,"Video appears to show Alex Pretti spit at federal agents, violently damage SUV days before fatal CBP shooting","‘No reason’ Alex Pretti should have died, mother says",foxnews,thehill,REDACTED,REDACTED,1,-1,-2,2,3299,3524,225,6.0
7,alex_pretti,8f265832c70c9ae29d0f5728e2871f2c,8,c1afcbd12919dc453d1581cc24c26ed7,81c4e7e6009bf0408b4ced953f857a66,"DOJ has opened a federal civil rights probe into the death of Alex Pretti, deputy AG says","CEOs, long silent on Trump's immigration crackdown, seem to hit their breaking point over killing of Alex Pretti in Minnesota",pbs,fortune,REDACTED,REDACTED,1,-1,-2,1,4900,4908,8,5.0
8,alex_pretti,76bd534971ba4a2cf51f606961dc7fad,9,e3f969efda2973687977c0ec2f8d7175,bebf1f63ad22be97fd51c04d34908bcf,Judge blocks Trump admin from 'destroying or altering' evidence in deadly Minneapolis shooting,True Heroism and Bearing Witness: the Woman Who Documented the Killing of Alex Pretti,foxnews,motherjones,REDACTED,REDACTED,1,0,-2,2,4425,4367,58,5.0
9,bad_bunny,4db978736787871fd5bd91abc6753663,1,618d1152458b5f5345ffcb0aea109f85,78bf12d142e9840f3f60acc387db034b,5 takeaways from Bad Bunny’s Super Bowl halftime performance,Kid Rock Shares About Jesus as Millions Tune in to TPUSA's 'All American Halftime' Super Bowl Show,thehill,cbn,REDACTED,REDACTED,2,-2,-2,2,3835,3868,33,8.0
10,bad_bunny,c9ce4775f4e5b07a562a862b57b23c28,2,c7d67d077aba592b9577066660c15767,b6bef2a75c00dbd9d5c3f9e4944eb8fc,"Soft Power, Performed. Bad Bunny’s Super Bowl Power Play",Bad Bunny slammed for controversial Super Bowl halftime show decision that ‘encourages’ division,forbes,nypost,REDACTED,REDACTED,2,-2,-2,2,5586,5536,50,8.0
11,bad_bunny,0a3eaa20b6ae76f417c11f31dde606ba,3,920bace9cb36c47215a44a9f146ec97e,efcb9f92a5c847fdaaecfe4275788188,Bad Bunny as the Super Bowl halftime performer is an obvious - and subversive - choice,I Watched the “All-American” Super Bowl Halftime Show. It Was Even More Embarrassing Than You Imagined.,cnn,slate,REDACTED,REDACTED,2,-2,-2,2,5261,5075,186,8.0
12,bad_bunny,d0d2e16990316d4f5a406f283b4bfcd3,4,ee37c15cb03039cb724482a5a1887d1f,13a0cfbe516263b7f30cae6d211fe443,Carlos Santana hits back at rumor he opposed Bad Bunny Super Bowl show,Trump slams Bad Bunny’s Super Bowl halftime performance as ‘one of the worst’,thehill,thehill,REDACTED,REDACTED,2,-2,-2,2,2067,2289,222,8.0
13,bad_bunny,417bd8be1829a09d8b9a1561549f8e56,5,bb120103e7b937909dc54b43b0522ad9,9f24597c138533e3e3b0dbc9480f8f31,"Bad Bunny's Super Bowl LX Halftime Show: Surprise cameos, setlist and message to America",Bad Bunny’s Super Bowl halftime show blasted as ‘pornographic’ and ‘vulgar’ in wave of FCC complaints,thenationaldesk,nypost,REDACTED,REDACTED,2,-2,-2,1,2876,2812,64,7.0
14,bad_bunny,d378c86029dc6fdf480d130ffb92480a,6,2cbf9c3772a5c06d5aa09214ec243bf0,5ee65803b9d2b1ef5d8a0445c833c323,"Bad Bunny show caused spike in Spanish lessons, Duolingo says",Eric Dickerson goes on fiery Bad Bunny rant after controversial Super Bowl halftime choice,thehill,nypost,REDACTED,REDACTED,2,-2,-2,1,1709,1776,67,7.0
15,bad_bunny,8e8e39984c4007460484b9154b03be8a,7,e3dc556d6baa64b01b060530449eb41c,2fff1b7f5b88503c530b89eaa81e927a,Bad Bunny previews new details of Super Bowl halftime show,"Bad Bunny to Reportedly Push 'Queer Icons' During Super Bowl, TPUSA Halftime Show Still On",abcnews,cbn,REDACTED,REDACTED,1,-2,-2,2,3562,3632,70,7.0
16,bad_bunny,e2fadf23474094223526d17f2150dadf,8,b7a9a74063e3b8d0be7fd4d6677835b0,aa600ab08b140cedbd87ca9f2441906a,‘Made me feel proudly American’: stars react to Bad Bunny’s Super Bowl show,Bad Bunny and his Super Bowl halftime show just had a brush with the FCC: sources,theguardian,nypost,REDACTED,REDACTED,2,-2,-2,1,4801,4668,133,7.0
17,bad_bunny,44c9eb6f95b2a7b035985de665191f39,9,71200fb8ae8deee4b273b3331345458e,abe0342baa86a649e7ee31840704c953,Super Bowl and Bad Bunny miss US TV audience record but new mark set for social media,Brett Favre rips Bad Bunny as Super Bowl 2026 halftime choice,theguardian,nypost,REDACTED,REDACTED,2,-2,-2,1,2834,2567,267,7.0
18,bad_bunny,e881025761461d8d5965f5409b9faa70,10,89c3d0ba84db2745c1a2626c966cbbec,54a33c1d57b6e2015618e9796a651011,Some viewers absolutely slammed Bad Bunny’s Super Bowl halftime show and complained to the FCC,Tommy Tuberville says Super Bowl is 'getting more and more woke' with Bad Bunny's halftime show,foxnews,foxnews,REDACTED,REDACTED,1,-1,-2,2,2315,2313,2,6.0
19,bad_bunny,bd1afcd8e0714d59876892a7ddfa5b4d,11,183dde5b9bbfb34aab0df7209afbba67,17667b3383fa3e60cd8b398770619023,"White House: ‘No tangible plan’ for ICE at Super Bowl, where Bad Bunny will perform","Trump tells The Post he’s skipping the Super Bowl, slams halftime performers Bad Bunny and Green Day: ‘I’m anti-them’",thehill,nypost,REDACTED,REDACTED,1,-1,-2,2,1647,1679,32,6.0
20,bad_bunny,0a03099ca3c310604f3bd49d473bf508,12,54cb62221064477e40448defa8b19a80,584b79b64a81cdd3d95350e4987f1508,Bad Bunny’s Puerto Rico flag had a special meaning. Did you notice?,Trump slams Bad Bunny’s Super Bowl halftime show: ‘An affront to the Greatness of America’,thehill,nypost,REDACTED,REDACTED,1,-2,-2,1,2131,2193,62,6.0
21,bad_bunny,2db6d0b55dc35e2a764e1e8622d4031b,13,46c08caaeb6ebd335dee2bacbd18f530,799bdab4a4fa2f3c5cf95f32e79efb72,"Bad Bunny brought a tiny Brooklyn Latino bar to the Super Bowl stage, and it meant the world to me",Trump blasts Bad Bunny's Super Bowl LX halftime show as 'an affront to America',businessinsider,thenationaldesk,REDACTED,REDACTED,2,-2,-1,1,3397,3245,152,6.0
22,bad_bunny,814bb0a728b3487340c836d4c5222530,14,fb90f47ebe1896eadb4da8b6263cb7fb,2c7dc3c0f9d006128625c8f6b9194193,Bad Bunny will headline the 2026 Super Bowl halftime show,"Super Bowl featuring Bad Bunny halftime show draws 2,300+ FCC complaints",cbsnews,thehill,REDACTED,REDACTED,2,-2,-1,1,3052,2893,159,6.0
23,bad_bunny,47b34532d3542c9d9f7e846ebbf8c0d3,15,1e3b9e372562b06fbbf353819284a6b8,465eb34bdb1f4b2d5a3e9a7e643f030c,What Did Bad Bunny Say At The Super Bowl Halftime Show? Every Word He Spoke In English And Spanish,GOP Lawmaker Calls for Probe Into NFL and NBC Over ‘Indecent’ Bad Bunny Super Bowl Halftime Show,forbes,time,REDACTED,REDACTED,2,-1,-2,1,4118,3947,171,6.0
24,bad_bunny,58d30988175d1a8e1ebfdcc3008a5e85,16,9e455fd751fdf1b13afd632a1324fb7c,3c8d0f10aea5928e012b6b2f37a518bc,Why Bad Bunny’s Super Bowl performance means big business for the NFL,"Bad Bunny's Super Bowl halftime show ignites Trump's fury, divides viewers",newsnationnow,foxnews,REDACTED,REDACTED,2,-2,-1,1,3551,3763,212,6.0
25,bad_bunny,d7002389c0a45587aefeef50938a2a38,17,0a296a9b79b4c1a5181f6937782a4cdc,ccaac227be020fe5e66c203ea68b039b,Logan Paul distances himself from brother after Bad Bunny Super Bowl boycott tweet,A Forgettable Half-Time Show at a Forgettable Super Bowl,thenationaldesk,nationalreview,REDACTED,REDACTED,1,-1,-2,2,1547,1767,220,6.0
26,bad_bunny,fa81e54be5034996561f9ebbdbd169f0,18,fb097acf1acbf4d8101ca15d1c722d33,365ff51c79195200776d9f952a7d4d4d,‘It’s gonna be a huge party’: Bad Bunny set for Super Bowl stage as Trump skips event,"Hypocrite Bad Bunny is a controversial choice for the Super Bowl, but the NFL only sees the dollar signs",theguardian,nypost,REDACTED,REDACTED,1,-1,-2,2,4244,4004,240,6.0
27,bad_bunny,fda149effb4698e78305976ae6e79c3b,19,994cffcafe784ff14f1ecbbb3a31c690,f329bbb4ac851ac8f75b5bb454214bfd,Couple shown during Bad Bunny's Super Bowl halftime show got legally married during the performance: reports,"Johnson says Bad Bunny ‘terrible decision’ for Super Bowl, suggests Lee Greenwood",foxnews,thehill,REDACTED,REDACTED,1,-1,-2,2,1807,2087,280,6.0
28,bad_bunny,db0e1cc004f7c43a29dca6683ae24975,20,ba95faa45a5c30a47461c68b77160c22,97d5df05106f001fe66673af301e10cb,Bad Bunny To Be First Latin Male Artist To Headline Super Bowl LX In 2026,Turning Point USA's patriotic Super Bowl alternative earns praise as millions tune in over Bad Bunny,forbes,foxnews,REDACTED,REDACTED,2,-2,-1,1,3243,2961,282,6.0
29,bad_bunny,81351c3c48906f21369c7a7f5c7b7a42,21,f50f7ea7be65e63a850a59fb6202a598,bed5c9b7f6643f843e76a41a6800dcb3,Beloved LA taco shop makes surprise cameo in Bad Bunny’s half-time show,"ICE officers to attend Super Bowl after Bad Bunny announcement, Lewandowski says",theguardian,thehill,REDACTED,REDACTED,2,-2,-1,1,2787,2502,285,6.0
30,bad_bunny,03dc82c96605c20ea64725cf4170f583,22,c8c8caa8b5af44c381cc9f2e04a16eb7,6a48fc1a4db4f81eeb470c098b78e881,Trump Lashes Out at Bad Bunny's Historic Super Bowl Performance: 'One of the Worst Ever',"Trump to skip Super Bowl in California, criticizes performers Bad Bunny and Green Day",time,foxnews,REDACTED,REDACTED,1,-1,-2,1,2865,2767,98,5.0
31,bad_bunny,3b03883afcc5969d5662851bb00e1d18,23,9f8a10683140e08440878c425b06c63e,02d75967d16144d25d97761597ae0871,Bad Bunny’s Super Bowl Marketing Campaign Is Already Stealing The Show,Turning Point USA announces alternative Super Bowl LX halftime show after Bad Bunny selection,forbes,foxnews,REDACTED,REDACTED,1,-2,-1,1,2046,2169,123,5.0
32,bad_bunny,7799eb109bf448a9d6d9cfb998869dfb,24,cb7e65119adeab8c603dc586a19d5b82,2e3c49abd82fa2b84b56e3d1e89e221b,WWE star Logan Paul explains reason behind viral Bad Bunny reaction before Super Bowl,Trump slams ‘absolutely ridiculous’ decision to have Bad Bunny do Super Bowl halftime show,foxnews,nypost,REDACTED,REDACTED,1,-1,-2,1,2542,2372,170,5.0
33,bad_bunny,92bbe8fe16eb596c839cfb8f91f253ee,25,da4ab9da3956d8b66619acfde7d3c7b9,96475cae9483a6d7aee2881a396affbd,Super Bowl LX Ratings: 2nd Most-Watched Game Ever; Bad Bunny Draws 128.2 Million,Bad Bunny's ICE comments resurface as NFL fans debate selection of Super Bowl LX halftime show performer,forbes,foxnews,REDACTED,REDACTED,1,-2,-1,1,1663,1843,180,5.0
34,bad_bunny,b578e725c0f076629eac37724ca44368,26,578c72a2b6ddc3ac8b56ce456bc85641,8f04e6ee1a964b4f9531f6a4972ce891,Ex-NFL star wants Bad Bunny to 'unite people with music' during Super Bowl halftime show,Danica Patrick goes off on NFL for Bad Bunny Super Bowl halftime show,foxnews,nypost,REDACTED,REDACTED,1,-1,-2,1,1982,2184,202,5.0
35,bad_bunny,a62e2320654c6a81bf00a9cb876622e6,27,0a570b03faf56d56242d62729eaea3bc,b9c480c67cd32c3f70769f953d0d0eb5,Who was the young boy in Bad Bunny’s halftime show?,"Trump adviser slams Bad Bunny Super Bowl halftime show pick, warns ICE agents are ‘everywhere’",thehill,nypost,REDACTED,REDACTED,1,-1,-2,1,1735,1979,244,5.0
36,bad_bunny,38b84e93f55229df95c9c42f3f204ff7,28,8b1302ecbc990cf053efdaec1f3b275a,bceb3a62a72f4926c7a1a0178ae55d71,Did Bad Bunny burn the US flag - and other claims about his Super Bowl show,Bad Bunny’s elaborate Super Bowl halftime stage shines — but music goes down the rabbit hole,bbc,nypost,REDACTED,REDACTED,1,-2,-1,1,3600,3869,269,5.0
37,bad_bunny,813416f48e6f1c12c374cddccbb3c6e2,29,f91c3a23a32b89789cd03da4f17c98b6,59c7750c0266f48650740aa08fef327b,Bad Bunny pushes back on Kristi Noem threat that immigrants stay away from Super Bowl,Ex-ESPN star shares the 'disturbing' thing about Bad Bunny performing at Super Bowl LX,theguardian,foxnews,REDACTED,REDACTED,1,-2,-1,1,3107,2823,284,5.0
38,bad_bunny,fe34e157ef235ff35807f0c48de495bc,30,e26333358a0092b8a7bc8d54bd840525,8feaedf3e466b7c45927b883b67e400e,Bad Bunny to perform Super Bowl LX halftime show,"Trump advisor slams Bad Bunny Super Bowl halftime show pick, warns ICE agents are 'everywhere'",reuters,foxnews,REDACTED,REDACTED,2,0,-1,1,2426,2302,124,4.0
39,bad_bunny,42187e3c77f6cb8319af4a4dd470db4c,31,3ad0a2991f28cc7191ff26ad2a3414de,b307c7551059a150e42097ee14531386,Bad Bunny named Super Bowl performer after omitting US from world tour over ICE fears,Greene calls for English as official language after Bad Bunny urges fans to learn Spanish ahead of Super Bowl,thehill,foxnews,REDACTED,REDACTED,1,-1,-1,1,1828,2027,199,4.0
40,bad_bunny,d5c598ca02ab25a4de3b0d4594d7fa07,32,1c4e44e0a902e7ad97dc4af496cf2957,18a278246c5257ed6354dea16fcfb04f,"Approval of Bad Bunny Super Bowl show split along partisan lines, poll finds",Singer seemingly takes swipe at Bad Bunny's Super Bowl LX halftime show: 'They need me',politico,foxnews,REDACTED,REDACTED,1,-1,-1,1,1703,1994,291,4.0
41,charlie_kirk,36977fcae40ebdf1797ed438f27cf217,1,60e5f6b7cb0f43e673472e95e8162730,4ba6538841ddfb5bb1d4aad7ee18355e,EXCLUSIVE: FBI Investigating Social Media Accounts That Appeared To Indicate Foreknowledge of Kirk Assassination,Barrett: Kirk assassination shows ‘political discourse has soured beyond control’,freebeacon,thehill,REDACTED,REDACTED,1,-2,-2,1,2622,2553,69,6.0
42,charlie_kirk,b9d4ead029e2adc42e2e91ff3e1ef31d,2,cae58932ed7b2a33bea1256aea913eaf,c26533a362036b435f4f83912a69b8fa,Does the First Amendment protect you at work? Charlie Kirk critics are learning the answer,Charlie Kirk’s assassination leaves unanswered questions as investigators piece together gaps in case,thehill,foxnews,REDACTED,REDACTED,1,-2,-1,1,6502,6631,129,5.0
43,charlie_kirk,e4211214bfb40694bff833e99b374c59,3,769af9a7dbb5885faa41df7950623795,91394e495bde6275afaa7809d177d53f,FBI investigating leftist groups for possible ties to Charlie Kirk’s assassination: source,Suspect appears at initial hearing after charged in Charlie Kirk assassination,foxnews,thenationaldesk,REDACTED,REDACTED,1,-1,0,1,2102,2080,22,3.0
44,charlie_kirk,fffc440f6e1960d41f10fc7f09dd6684,4,7c34f94fd9bb74c2557f291b7e6180f6,54cec4ea5b18b2567922797542140d6e,Governor Cox: 'Social media is a cancer',Charlie Kirk Shooting Suspect Charged With Aggravated Murder—Prosecutors Seek Death Penalty,politico,forbes,REDACTED,REDACTED,1,0,-1,1,3392,3352,40,3.0
45,charlie_kirk,fda52f884b0e98991bdd159722052c78,5,c7cf7a983c7621b6f215acc89c8daaed,4d05c4c1825d8a8207d64e78dbb68acd,What we know about the Charlie Kirk shooting,'We knew the family': Utah town in disbelief after local resident accused of killing Charlie Kirk,thehill,bbc,REDACTED,REDACTED,1,-1,0,1,4888,4976,88,3.0
46,charlie_kirk,03ceabac835f8ba9824c399bd08f19f9,6,da6a729f79bd7257c41eaa01cbc5d5c3,2429489b4dc7798751c6c1ce6f30f7ba,Utah seeks death penalty against Charlie Kirk’s suspected killer,Who is Tyler Robinson? What we know about Charlie Kirk's suspected assassin,thehill,foxnews,REDACTED,REDACTED,1,-1,0,1,5876,5778,98,3.0
47,foreign_intelligence,dcc031aaf120c7ddef896850241bd972,1,72353c1c7de92a5f1d528172325f0ea8,1ee776470efa86548adb09a0056be754,Trump makes public call for clean 18-month FISA 702 extension,US Congress passes 10-day extension of surveillance law amid Republican infighting,thehill,theguardian,REDACTED,REDACTED,2,-2,-1,2,3775,3818,43,7.0
48,foreign_intelligence,ff37a763092fba84f52cc3136f28b5b1,2,9677b4db8ac287ba08b31d3192e8bcc8,c17e135fdbc453748474fe078ff701ca,"House punts Trump spy powers extension after conservatives block deal, forcing end-of-month showdown",Lawmakers Try To Insert Privacy Protections Into the Feds' Snooping Powers,foxnews,reason,REDACTED,REDACTED,1,-1,-2,2,5682,5576,106,6.0
49,foreign_intelligence,92938e474f65249a9e80bb244165c945,3,a5fd37acc85c35e603168ca70a4c03e5,e09862985d0b2e4d0fc48ed59e79aa42,"Republicans stare down a growing, neverending FISA crisis",Congress Still Has a Chance To Curb Section 702 Surveillance Abuses,politico,reason,REDACTED,REDACTED,1,-1,-2,2,6659,6778,119,6.0
50,foreign_intelligence,0f6783f1c0c3d774a5eae0275095da13,4,246591c891e51b74eda3a01604423117,f5d88bd8c364c5b07fc09b9fd1a8e66d,Trump signs renewal of surveillance powers amid uproar over memo,Jeffries says he’s ‘deeply skeptical’ of FISA extension without new privacy protections,thehill,thehill,REDACTED,REDACTED,1,-1,-2,1,3224,3249,25,5.0
51,foreign_intelligence,291c54df02541f1014b9ec9a809675a6,5,288463ae47a9f67ffecff9d142c5ccdb,cda62d73121dd85ad3c793c53aea6619,The privacy concerns at the heart of the FISA renewal debate,Fisa surveillance vote sparks fierce debate as Congress splits on warrantless monitoring,pbs,theguardian,REDACTED,REDACTED,1,-1,-1,2,8639,8612,27,5.0
52,foreign_intelligence,b579f86c27fcb884ae34c7c3c1ef44dd,6,28faeec29ab15726d7a9e9d77140ac65,0edb97fb6aebab94e10f6a1618a6928b,News Wrap: Senate approves short-term renewal of FISA surveillance program,Progressives say they’ll vote against warrantless spy power renewal,pbs,thehill,REDACTED,REDACTED,1,0,-2,2,5159,5111,48,5.0
53,foreign_intelligence,2065be4c0d357640c3d1660e7cbe2851,7,7e430461e258b5d4bb6f78c04cb7d73a,c749880c1a79e8d1dc04b13acdc45706,Senate unanimously clears FISA surveillance program extension after House late-night vote,Senators move to rein in foreign surveillance power,thenationaldesk,politico,REDACTED,REDACTED,1,-1,-2,1,3574,3626,52,5.0
54,foreign_intelligence,e213f0b8a7a143527b5c16069a0130a7,8,5b1220e49ceb81eb7a6d082da396316e,220f6553176b1d2dc82cf4d559abb7ac,"Trump urges Congress to pass clean extension of FISA, cites military action in Iran",Conservative FISA revolt poses fresh test for Speaker Johnson,washingtontimes,foxnews,REDACTED,REDACTED,1,-2,-1,1,4664,4513,151,5.0
55,foreign_intelligence,9b56207881ee9bb4bcf1f7bb9e1b70f0,9,f826683bcaea4ad68a0bf7d71942739e,d20ee87df01983d1feefdc393737af9c,Foreign Intelligence Surveillance Act Renewal,Controversial Surveillance Law Up for Renewal (Again) in April,c-span,reason,REDACTED,REDACTED,1,0,-2,2,6611,6786,175,5.0
56,foreign_intelligence,a82a563e9c28b6f8d63006060353909f,10,dc03fea643d687a71181d59b7b4dd2ac,e5550ec7195ecfd005f665372d407e71,House eyes clean FISA reauthorization vote that will be tricky,42 House Democrats Join GOP in Passing Warrantless Mass Surveillance Bill,thehill,truthout,REDACTED,REDACTED,1,0,-2,2,6571,6352,219,5.0
57,foreign_intelligence,752fc08ee85295c603939c3812dbefb1,11,cc727cf352e3c769571ba45b0a3a730a,022f24af27ea3259dbb4bba7d9c6c4dc,Congress passes 45-day extension of nation’s spy powers,House sinks Johnson-backed FISA renewal after Trump push,thehill,foxnews,REDACTED,REDACTED,1,-1,-1,1,3665,3630,35,4.0
58,foreign_intelligence,17edba9d2e6090c6c3b8255f90a3f07d,12,8b806b5f1981308e03b11f18002a23a8,7f56b983080a94df71f2f0d2b8dd198c,Capitol agenda: House hard,Trump says to 'kill' spying tool as House puts FISA future in doubt,politico,thenationaldesk,REDACTED,REDACTED,1,-1,-1,1,3695,3736,41,4.0
59,foreign_intelligence,2bbde127a766a367cc22b997ab99ebae,13,a345560aa4f056539758831623a53527,2c8a6cf39c538497eb489473cd8be7a6,FISA renewal’s long and winding road to passage in the House,"Republicans, White House considering warrant-related amendment in high-stakes FISA talks",thehill,politico,REDACTED,REDACTED,1,-1,-1,1,5376,5315,61,4.0
60,foreign_intelligence,bcdc7ba77206fe503f7897874e8772c5,14,5000341a8e71d7fc2207baa1e68775e0,8ed2761e46bb0c62f61445512a8241d1,Trump asks GOP to ‘unify’ ahead of vote on spy powers,President And Congress Extend FISA Wiretapping Act To 2017 [Updated],thehill,npr,REDACTED,REDACTED,1,-1,-1,1,3145,3222,77,4.0
61,foreign_intelligence,644fd5a6b4d847dcec0b68cf643ec520,15,2264077f10646c0c709529e563cac841,aa7569ac01c98be85f61a1b2c3354ab7,House intel mulls ‘Plan B’ of short-term 702 renewal amid looming FISA deadline,Trump tells Republicans he won’t extend surveillance law without FISA reforms,thehill,thehill,REDACTED,REDACTED,1,-1,-1,1,6324,6231,93,4.0
62,foreign_intelligence,66a5393224e5fd20c2b39a155cf5bb49,16,1e90cfe9de3a9193d0da0951d5fd061c,b6f982167eb0b89acb60c04b102cd417,Biden signs reauthorization of surveillance program into law despite privacy concerns,Marjorie Taylor Greene Slams ‘New MAGA’ Over FISA,npr,newsweek,REDACTED,REDACTED,1,-1,-1,1,5903,5804,99,4.0
63,foreign_intelligence,f95fae4471bb545b1609f631729e1981,17,fe84dbfbc285420784e898ef5e510b6a,aea2c3bcda043fbbe7e3ca4dca2cd210,"Congress passes another short-term FISA extension, hours before deadline",US Congress extends controversial surveillance power under FISA for 10 days,cbsnews,aljazeera,REDACTED,REDACTED,1,-1,-1,1,2325,2458,133,4.0
64,foreign_intelligence,a80c586295a9e946d5e90b3fdb9dab9f,18,3d5532407dd39b903ba15dfca44389ef,82e6eedbc81bb864f972790832dfba31,House passes FISA extension ahead of Thursday deadline,What is the Fisa law Trump wants extended and why are lawmakers resisting?,cbsnews,bbc,REDACTED,REDACTED,1,-1,-1,1,4213,4408,195,4.0
65,foreign_intelligence,7de122b3c78c37d0ffe3a5e03c84805e,19,2ae42b5663c7b8a7bdb3a87bae6486f9,e7c5d90fc5ded5b2f1006b1e324d1999,Senate passes short-term extension of surveillance law – as it happened,Trump officials fail to win over GOP skeptics on FISA,theguardian,axios,REDACTED,REDACTED,1,-1,-1,1,564,357,207,4.0
66,govt_shutdown,07792864be5d297f02a525fe4763ab86,1,cc4b7df9ee256f811c6d782632731125,596b69607d860ea667fa43e87c910e6d,Sen. Thune pushes for military pay bill amid third longest government shutdown,Explainer: What do Democrats and Republicans want in the US government shutdown fight?,thenationaldesk,reuters,REDACTED,REDACTED,1,-1,-2,1,2576,2569,7,5.0
67,govt_shutdown,4b7b4a06133ac5c09068a0697b15cad2,2,f487b6da402379f57ec48cf2c7c51cbb,a98fc68dbcd96108f4fc070b07fea8ce,Government shutdown hits DHS after Democrats blow up bipartisan funding deal over immigration uproar,What's behind the health care fight that led to the government shutdown,foxnews,npr,REDACTED,REDACTED,2,-1,-1,1,4519,4475,44,5.0
68,govt_shutdown,0fc6d4e931bb7a92cf4889154d48d2f1,3,4f937667b7d0863581cd2e0c24963cb8,6f028680b3958f4b31b306a6e78243e6,Government shutdown appears inevitable after Senate sinks competing funding proposals as deadline looms,"Government Shutdown 2025: RIFs, Layoffs, And The Toll On Black Federal Workers And Their Communities",cnn,forbes,REDACTED,REDACTED,1,-1,-1,2,6023,6131,108,5.0
69,govt_shutdown,2057a1cdd770ac9ca0b941247a149cec,4,865108b421cdc366062463c8a76f0527,db3570298dd2ef02846c64ec47f7465e,Trump plans for ‘thousands’ of federal firings on government shutdown day 2  — and they could be permanent,Judge indefinitely halts shutdown layoffs noting human toll,nypost,npr,REDACTED,REDACTED,1,-1,-2,1,5675,5796,121,5.0
70,govt_shutdown,648d609a2d781161f22baf083631472b,5,299fcbc1ac0d8e7386f1f4a063367da4,0c76dfa8d2384c6768d7006ca7b9e715,"Trump signs funding bill to end historic, 43-day government shutdown",Democrats Were Winning the Shutdown. Why Did They Fold?,nypost,nytimes,REDACTED,REDACTED,1,-1,-2,1,7106,7368,262,5.0
71,govt_shutdown,9f8b05af975e8861796e53e9a4b972c9,6,bf300f66296fde6e44af504c86780a84,2d9ff8a4f48be9c2d964b61f3ef1ca92,Government enters longest full shutdown in US history with no end in sight,Top House Dem fires back at Trump's 'unhinged' shutdown remarks amid collapse of gov funding talks,foxnews,foxnews,REDACTED,REDACTED,1,-1,-1,1,4131,4163,32,4.0
72,govt_shutdown,7c7f551a284732d148592025bbd5d7da,7,c33e7f5848ae8ba0ac677afca367b281,87b234514f2ce443a334600b4006f4a9,House Democrats' government funding proposal goes down in flames with shutdown deadline in hours,SNAP recipients warned of food stamp cuts starting next week thanks to government shutdown,foxnews,nypost,REDACTED,REDACTED,1,-1,-1,1,2877,2958,81,4.0
73,govt_shutdown,d5e8630a9226a7729b57badbafcb048a,8,05621911e94d26b1692baa71f978b957,d713cf94ee8a70a4e1f65792e28b6155,Will the 2025 shutdown actually matter?,US government shuts down with path to reopening uncertain,washingtontimes,bbc,REDACTED,REDACTED,1,-2,0,1,4404,4274,130,4.0
74,govt_shutdown,43f8b98407d95291a8afde7f9dddcd2b,9,51cfcbc61c5c1dffd913fa04fea9b667,0f41749a412259c5317ca9f2ae2ec45e,US government shutdown stalls FBI investigations,House GOP blocks Dems' military pay bill as government shutdown threatens checks,reuters,foxnews,REDACTED,REDACTED,1,-1,-1,1,3638,3802,164,4.0
75,govt_shutdown,b2ef6463f8dcef4280d48c97ef4c515c,10,720b68966547acb958b29334a2aa0e4d,22b5ef8aa74de7cd14a6de935943e861,Four ways the US government shutdown could end,"With an upcoming vote in the House, an end to the shutdown is in sight",bbc,npr,REDACTED,REDACTED,1,-1,-1,1,6377,6172,205,4.0
76,govt_shutdown,68743a028ec4a18ca57c23afe39e476b,11,1dfba61a698a814bf9e1662265f2771b,b71ca474ba5461f93ad036a1660ee798,Government shutdown poised to enter a third week as Congress remains at stalemate,The longest government shutdown in U.S. history is over. Here's what you need to know,cbsnews,npr,REDACTED,REDACTED,1,0,-2,1,8766,8475,291,4.0
77,govt_shutdown,1a992ad5b64c62444abfd6d191e3c781,12,e49c2ba0665c76280ded8370cc59f6b6,085d2cbce72ac9c17eb2823f309fdbb7,The longest government shutdown in U.S. history comes to a close,When will the government reopen? Here's how long past shutdowns lasted,npr,npr,REDACTED,REDACTED,1,0,-1,1,7014,7061,47,3.0
78,govt_shutdown,962f5ebfba5756ba2ab071ff28f881c6,13,e2381c268e0e03f6afd7056ff3182f5c,5fa9f5ee1068a2d94ce88cbf23fb3a5b,"Dems vote for 13th time to keep government closed, halt SNAP benefits — as Majority Leader Thune proposes easy fix",Government Shutdown Imperils Obamacare Tax Credits For 22 Million,nypost,forbes,REDACTED,REDACTED,1,-1,0,1,5176,5275,99,3.0
79,govt_shutdown,1742db396c60decd9530d61d210899f7,14,18d3d487b0e9399447638590e2c96191,879b3e21ed47d582dd09023941c97abb,Hopes dim in prediction markets as traders bet government shutdown will drag on for weeks,United Airlines to offer refunds because of shutdown-caused flight restrictions,foxbusiness,foxbusiness,REDACTED,REDACTED,1,-1,0,1,1701,1902,201,3.0
80,govt_shutdown,6f9067686005cfb449f11b0046a767f6,15,20ac9362d9d000577690ee0be9dd71da,9ddd3b305a2b67855279d88b64c1f40f,Government shuts down after Congress deadlocks on spending deal,The government shutdown is delaying an assistance program families use to heat homes,foxnews,npr,REDACTED,REDACTED,1,0,0,1,5566,5571,5,2.0
81,kimmel,13f05698176a64eee98c84e04324d69c,1,a762fea28c2afb3030c4354c00e3935f,b7a8445ad963abd1bacb431130fdda9f,Nexstar refuses to air Jimmy Kimmel’s return to ABC over Charlie Kirk controversy,Former Disney CEO criticizes Kimmel’s suspension: ‘Where has all the leadership gone?’,nypost,thehill,REDACTED,REDACTED,2,-2,-2,2,1962,1907,55,8.0
82,kimmel,a7a194738aeb2f5e86c771d8864f504e,2,40f4201721340db0e84201eefb246bc0,1e6ad1be3fa0436626ed8da7b0df2345,"Jimmy Kimmel continues to lie, pretends he’s the victim — fire him!",Disney+ Cancellations Jump After Kimmel Suspension,nypost,nytimes,REDACTED,REDACTED,2,-2,-2,2,3885,3815,70,8.0
83,kimmel,26f47b1c27b90bbdc1eb35abf45f3fc6,3,55c89891daa046b2fce6be8cce838916,f67cbacd972c610db47fb2762c1d7c6d,Unrepentant Jimmy Kimmel refused to apologize after Charlie Kirk outrage — and planned to double-down on MAGA attacks: report,Top stars call Jimmy Kimmel suspension 'dark moment' for free speech,nypost,bbc,REDACTED,REDACTED,1,-1,-2,2,3067,3046,21,6.0
84,kimmel,00a64850436995f9881f65dd3039a374,4,bcf428db3a0d19ce07dfbbbb6d84b186,a9cc862f86d5739bd6f2d3febb4d47ac,"Jimmy Kimmel’s suspension: Letters to the Editor — Sept. 19, 2025",'Friends' star Jennifer Aniston defends Jimmy Kimmel against 'horrible’ and ‘unthinkable’ suspension,nypost,foxnews,REDACTED,REDACTED,1,-1,-2,2,3683,3652,31,6.0
85,kimmel,9115d07ba52cbb4cbb0e53c6eb8fadde,5,72f2eb1d773d519c4347c72f684f5288,ca8f4c8bcc8c2ddde7cb76c0e7953bcd,Sinclair will preempt Jimmy Kimmel's show despite Disney ending its suspension,Top Oversight Dem launches probe into ABC’s Kimmel suspension,foxnews,thehill,REDACTED,REDACTED,1,-1,-2,2,2669,2702,33,6.0
86,kimmel,3a850cf10a4b5923a43167985ced9b37,6,8e2ac54ed6da292e4e71aea5efe59fca,6eb575a9fa509cd80b5968710095457a,Jimmy Kimmel's canned show will be replaced by a Charlie Kirk tribute — and an angry ABC affiliate is demanding a donation to Turning Point USA,"'The View' slams Trump administration, avoids criticizing ABC over Kimmel suspension",fortune,foxnews,REDACTED,REDACTED,1,-2,-2,1,3185,3245,60,6.0
87,kimmel,ea84423c933e9f9944393d691de0e359,7,ed25d873a62edd44019e3535755c84d3,285bdd44f50dd673ca9c741755598f88,Disney and Jimmy Kimmel: The Real Story is Stakeholder Strategy,What the move to pull Kimmel off the air says about free speech under Trump,forbes,pbs,REDACTED,REDACTED,1,-1,-2,2,10434,10239,195,6.0
88,kimmel,9ef219755f023cdbb2cbe9b6d3255f3c,8,00cc0d0d9e4fa1aac39f52e0bcd52189,0919c99863a0fa903b79521a3c9d254c,"FCC chief: Colbert, Kimmel ‘facing the consequences’ of choices to ‘appeal to a very, very narrow audience’",Conan O’Brien: Kimmel suspension ‘should disturb everyone’,thehill,thehill,REDACTED,REDACTED,1,-1,-2,2,2625,2330,295,6.0
89,kimmel,8bd53f18fc77cf3a556754df12820090,9,213faf3d13d9dc4b2fe0fecfdbf6e1b3,41dd28fddd4a5e81ffdcde430338fcfd,FCC Chair Brendan Carr defends ABC affiliates pulling Jimmy Kimmel show after monologue about Charlie Kirk,Colbert mocks Kimmel suspension with parody video: ‘Shut your trap’,foxnews,thehill,REDACTED,REDACTED,1,-1,-2,2,3058,2759,299,6.0
90,kimmel,7eadcd4638d6c59dfab45f1ebb656aa8,10,f15420a4438b8022029458cdf72cdab2,09e0b24aa17c2b4af544a46789c4c0da,Jimmy Kimmel sheds 64% of audience after short-lived ratings spike following suspension,"Kimmel thanks Cruz, conservatives for defense: ‘It takes courage’",foxnews,thehill,REDACTED,REDACTED,1,-1,-2,1,3313,3304,9,5.0
91,kimmel,a66594212aa4edb6cd428e5ebbd750a9,11,5ceca4c35ed745acef0411a4bb7aa3d0,1f489e2f06c9a4ad6b027b57217ddb0d,Broadcast giant extends suspension of 'Jimmy Kimmel Live!' despite upcoming return and more top headlines,"First Tucker Carlson, now Ted Cruz: Conservatives are talking about an 'unbelievably dangerous' precedent being set by the FCC chair",foxnews,fortune,REDACTED,REDACTED,1,-1,-2,1,3219,3250,31,5.0
92,kimmel,deca9146a0fe6dd718d045f72926170f,12,03c088e8933df83ac00b59c89a1c596f,80a983f8bb58340de2f91e2ac5ab6c1e,ABC takes Jimmy Kimmel off air ‘indefinitely’ over Charlie Kirk comments,"Former Disney CEO Michael Eisner speaks out against Jimmy Kimmel's suspension, calls for 'leadership'",thehill,foxbusiness,REDACTED,REDACTED,1,-1,-2,1,3091,3058,33,5.0
93,maduro,f7f3ce2d6dfd54b1950dbea69de128a4,1,11595e81744dac563fc2bd6de441f6b3,21af20e04f6f894cbb9e4883abe877b9,JONATHAN TURLEY: Why capture of Maduro didn't require approval from Congress,Fact-checking Donald Trump following U.S. attacks on Venezuela and capture of Nicolás Maduro,foxnews,politifact,REDACTED,REDACTED,2,-2,-2,2,9045,9068,23,8.0
94,maduro,5c2ded336db6a1682ae06fcd462605ff,2,2eeddac2b79c3e0f1c4473b898125dbb,e510fa0638570f621ecfeace1418c34c,A President Captured: How the Elite Delta Force Raid in Caracas Unfolded,Trump says U.S. will run Venezuela after U.S. captures Maduro,time,reuters,REDACTED,REDACTED,2,-2,-2,2,8265,8226,39,8.0
95,maduro,c597484015093a5571078097e11e703a,3,3dafaf12a92776d6a5bd6d695cfeac2a,28702fc06c50635d36b74a30e60b3de0,See How the U.S. Military Captured Maduro in a Matter of Hours,"Mamdani, other NY lefties rip Trump over Maduro arrest, condemning it as ‘act of war’",wsj,nypost,REDACTED,REDACTED,2,-2,-2,2,3430,3475,45,8.0
96,maduro,5ad213e1625ba3d58e81fd8ac3ac60d1,4,7b8a23112bab9ff4dc57f7b51ad912dc,68501820ba7a341372141b6dbe3cda37,"US troops blasted through steel doors 'like it was like papier-mache' to snatch Maduro, Trump says",Kamala Harris blasts Trump administration’s capture of Venezuela’s Maduro as ‘unlawful and unwise’,foxnews,foxnews,REDACTED,REDACTED,2,-2,-2,2,3515,3569,54,8.0
97,maduro,f522f7ba76f16d9e1d2ab344bc7bda88,5,73083efebb9e8e9eae0374829d43e0f5,366f6e9fd3f485cc3a482db18cef007a,Iran and Maduro ties suffer major blow following US operation and capture of Venezuelan dictator,Nearly 50 Venezuelan soldiers killed in US abduction of President Maduro,foxnews,aljazeera,REDACTED,REDACTED,2,-2,-2,2,4286,4227,59,8.0
98,maduro,ba5c794063eb18d8b79f79ebbb92b62b,6,f91f59b34432187a6ac6eb6fd267fb25,820e74b5066db907930fbfa49b7754b2,Latin America fractures over Trump’s Maduro capture as regional allies shift right,Maduro Capture Set A Dangerous Precedent For International Law,foxnews,forbes,REDACTED,REDACTED,2,-2,-2,2,8401,8487,86,8.0
99,maduro,0c3b98cf30a5c3e33f34711d52d7ee03,7,3e9854e2ed1c3690628a19441c650f9a,702ea70a94ddc11f959c7a9fee709215,"Trump says Maduro captured, flown out as US military conducts ‘large scale’ strike",US critics and allies condemn Maduro’s abduction at UN Security Council,thehill,aljazeera,REDACTED,REDACTED,2,-2,-2,2,3633,3743,110,8.0
100,maduro,63d6ae0a2d59c1e51d76cf99d66dcdf6,8,e2d0cd96f80a8a757cd1be819533ff3e,82adcbe04f84fbd82d0ef77e7fb9511f,"Trump says Venezuelan leader Nicolás Maduro, wife ‘captured’ after large-scale strikes",The surprising US plan in Venezuela comes with huge risks for Trump,nypost,cnn,REDACTED,REDACTED,2,-2,-2,2,10659,10819,160,8.0
101,maduro,474c902e555836dea3cd295ca8934a72,9,6411f57042fab89f67ca62834e335817,83dadc67ba20365fa976df19d6c1f89d,"In a Phone Interview, Trump Celebrated the Capture of Maduro","Mexico condemns U.S. military action in Venezuela, capture of Maduro",nytimes,washingtontimes,REDACTED,REDACTED,2,-2,-2,2,1470,1660,190,8.0
102,maduro,ac94b59b36e05829f5f748b5c93cdcbb,10,2d21ddbfa2404eea8fcc2e6acd8f2499,ab941c7e0203871f8b0c960333b315b5,Trump reveals to The Post secret ‘discombobulator’ weapon was crucial to Venezuelan raid on Maduro,Schumer slams Trump’s capture of Maduro as ‘reckless’,nypost,thehill,REDACTED,REDACTED,2,-2,-2,1,2495,2467,28,7.0
103,maduro,08d692ef28d45e3922bbe01100f65199,11,a3c62da6b7c3f5204a684942b78f0bcb,967b47d1a3a92667d38db3342912e48d,Trump says U.S. used secret 'discombobulator' on Venezuelan equipment during Maduro raid,How Venezuelans in Caracas are reacting to Maduro's capture by U.S. forces,pbs,pbs,REDACTED,REDACTED,2,-2,-2,1,3091,3050,41,7.0
104,maduro,c786a27a0c8f9d49c2be27fb44b6dcaa,12,c1b5234f2268c8f84bba1a7e99bf5b89,7bd40e04be0c9050a1578a45665a4cf7,Trump says US pilots were ‘hit pretty bad in the legs’ during Maduro capture mission,U.S. strikes in Venezuela trigger regional and global alarm,foxnews,npr,REDACTED,REDACTED,2,-1,-2,2,6325,6273,52,7.0
105,maduro,98cee187193053857b1591fbb7bf70ae,13,0da2b93c9326c08b1f6ed51fee12aaa5,09b6ad3d7153f5a0d1cf63324230874c,White House posts Maduro's 'perp walk' at New York DEA office,"US has captured Venezuela’s President Maduro and wife, says Trump",thenationaldesk,theguardian,REDACTED,REDACTED,2,-1,-2,2,7683,7765,82,7.0
106,maduro,1050714438c050dd04e25fdc3735159e,14,2d0e68dc013ba16fb6f031b01e7b15a5,483194555664c101800b4dac52d4746d,"US lawmakers react to attack on Venezuela, ‘capture’ of Nicolas Maduro","U.S. capture of Maduro in Venezuela criticized as violation of international, U.S. law",aljazeera,latimes,REDACTED,REDACTED,1,-2,-2,2,7938,8082,144,7.0
107,maduro,9711caafc7a82a0575158526fb7557a1,15,6c712ef972d6b524d84a6e2b289a4549,3eddf2fd8926259efe23cd963e0b0441,"Maduro arrest sends 'clear message' to drug cartels, allies and US rivals, retired admiral says",Trump says US will 'run' Venezuela and 'fix oil infrastructure',foxnews,bbc,REDACTED,REDACTED,2,-2,-1,2,6037,6226,189,7.0
108,maduro,7d7b645be7c6e28fa5bbb02880f87a4d,16,719c9428d752a9c81017b0081c9d11d5,7435eaf44c16227377430f32377aa358,The US Army “Delta Force”: The Unit That Captured Nicolas Maduro,Was the US capture of Venezuela's president legal?,nationalinterest,reuters,REDACTED,REDACTED,2,-2,-1,2,4683,4889,206,7.0
109,maduro,0df73435a0bc9ddf9ff87cb4835cf490,17,18d511b03c7d71d79cf9221848b0d523,aa49a5414e8fd1644a2f22231434eba0,"US military details timeline of operation to capture Maduro, revealing more than 150 aircraft involved",'Deeply shocked': World leaders react to US attack on Venezuela,foxnews,bbc,REDACTED,REDACTED,2,-2,-1,2,5786,5507,279,7.0
110,maduro,4ca4dd3f24e89d7247db8e519913e016,18,1e740a0b81539ccc6dac81ee4af8caff,dcca57f87399e8223f48ad3963603525,The Noriega Precedent for Maduro’s Capture and Prosecution,"Who is Cilia Flores, Venezuela's first lady seized by the US?",wsj,bbc,REDACTED,REDACTED,2,-2,-1,1,5067,5110,43,6.0
111,maduro,a453331b97c47eb75c4fbad9247b3d6f,19,cb3414efb9f66fc3b452cfc451cf40b2,693ee9294e7c6bf822f479baf17c6091,"Spies, drones and blowtorches: How the US captured Maduro",Fact-checking Trump following US ‘capture’ of Venezuela’s Maduro,bbc,aljazeera,REDACTED,REDACTED,1,-1,-2,2,8821,8746,75,6.0
112,maduro,206ad40d3817aaa6f70174b1ff7e0e18,20,d708ad59b32b1843ade5813073e5a59a,9fb656ac5e60dddb34a48b2c2fe77ace,New details on Maduro capture revealed as Hegseth shares how U.S. carried out the overnight raid,"US soldier charged with making $400,000 on Maduro removal bets",cbsnews,reuters,REDACTED,REDACTED,1,-2,-2,1,2789,2950,161,6.0
113,maduro,ab890bff449b1783a92944f8c968ecb5,21,33af532ef0f6ffde1e6887745253a5f3,4babfcfef75fa689b87e84bdc66b58c6,"With capture of Maduro, Trump claims successful operation as he treads into uncharted territory",Trump's toppling of Maduro is fraught with risk - what happens next is unclear,washingtontimes,bbc,REDACTED,REDACTED,1,-1,-2,1,7188,7213,25,5.0
114,maduro,b56109ecc6c1782fdbba9edd960f5988,22,5b867b9161b3ce214a59bc90bfb00420,da50a2c8cf97605a71f59c774878f171,Maduro indicted on narco-terrorism charges after capture,Trump’s Venezuela operation polarizes world leaders,thehill,thehill,REDACTED,REDACTED,1,-1,-2,1,7099,7026,73,5.0
115,maduro,9666716385dc9f3e14ad2ab346bd225f,23,920f2b2344c399a358d3acf25a426f65,c22959fc3bc2e1b4fe3f00e45434ee4a,House Democrat calls Trump's Maduro capture 'welcome news' as left labels it 'illegal',Trump's seizure of Maduro raises thorny legal questions,foxnews,bbc,REDACTED,REDACTED,1,-1,-2,1,7182,6963,219,5.0
116,maduro,5b0cd96ae47179abaadf345edb10bc85,24,509c85318e54b8c3ab7ed8a60556b910,3cfd7244ee569bf14df91cfe55fe2efa,"World leaders gripe over US arrest of tyrant Nicolás Maduro, despite legal precedent: ‘Deeply alarmed’",U.S. soldier involved in Maduro raid charged with betting on the operation,nypost,nbcnews,REDACTED,REDACTED,1,-2,-1,1,4564,4797,233,5.0
117,maduro,ce9d72b2a59fc0557d564bc6f451e58b,25,ed5d8335ec464e5f8db209704b563cf3,714948ec864a2dec05aaec7d92de878b,"Seven US service members injured in Venezuela raid to capture Maduro, official says","What happens next in Venezuela? The regime’s foundation remains in place even after U.S. capture of Maduro, analyst says",foxnews,fortune,REDACTED,REDACTED,1,-1,-1,1,2877,3044,167,4.0
118,maduro,c8864954994260b5ccad2a5f9af91a04,26,03a5c5bc941ca07bb8590ec9afb2055d,a054185f120c38bd7fcfffeec5919b74,Maduro capture adds to Hegseth’s combative first year at the Pentagon,5 key takeaways on Trump’s stunning toppling of Maduro,thehill,thehill,REDACTED,REDACTED,1,-1,-1,1,7778,8024,246,4.0
119,prop 50,66c95ad070ee698f34c7437e62607e88,1,871cc973be3dbacfdefaa937d34de320,28d808578ca621b76977a6deefab1240,Obama: California’s Prop 50 Is “Critical” for Democracy,California Lawmaker Files Emergency Injunction With SCOTUS Over Redistricting Map,motherjones,dailysignal,REDACTED,REDACTED,2,-2,-2,1,2360,2416,56,7.0
120,prop 50,cbf67a16a78f1a018dc940993c8bc4f9,2,735b8613c13eba728156e8126fa0d894,04d074ec71ae72229941c827282da08f,"Where the polling stands in Virginia, New Jersey, NYC and California",Republicans fight Newsom's $88M redistricting 'power grab' as Prop 50 battle heats up,thehill,foxnews,REDACTED,REDACTED,2,-2,-2,1,4978,5056,78,7.0
121,prop 50,d8ad8755c841ca16ed53f434a0a706e6,3,873523488271f87b5574513610dbe86a,d2f1f16d04910ca96115efbaf5cbf77e,"Sabato’s Crystal Ball shifts 11 California races toward Democrats, 1 toward GOP",Gavin Newsom’s Gerrymandering Measure Is Likely to Fail,thehill,wsj,REDACTED,REDACTED,1,-2,-2,2,1524,1254,270,7.0
122,prop 50,5b4a2fd8a320732206732b6de8e4c514,4,d7eef2a98b0a5bd311c38e8cfff44bb5,36892e3d9e8608d322fa4fdad87d5b4b,"‘Democracy is on the ballot,’ Obama says, urging Californians to pass Prop. 50 in new ad",Trump Says California Redistricting Proposition Votes Under Review,latimes,theepochtimes,REDACTED,REDACTED,2,-2,-2,1,572,293,279,7.0
123,prop 50,d425512b905330d21c05160bb43cb3cc,5,be8504f0c24494fb3a873bc8d7219c1b,35189a8b68c7393368ee34b3ff169f1f,More than 6 in 10 plan to vote for California redistricting plan: Survey,California Republicans vow to continue fighting Prop 50,thehill,politico,REDACTED,REDACTED,1,-2,-2,1,2167,2169,2,6.0
124,prop 50,4befcab70f4d7bcae6f21209de64befc,6,b2743db636432436cd56e1f817963f35,910c5dccc7966693553d337ee5dbdfac,Northern California voters weigh in on Prop 50 redistricting fight,Gavin Newsom’s crude Prop 50 chest-thumping isn’t the win he thinks it is,foxnews,nypost,REDACTED,REDACTED,1,-1,-2,2,4712,4689,23,6.0
125,prop 50,5b711a3d816e43242cfc5203f5b9f1ec,7,119e900dcbd482415bdb753014651f0c,72e585c4c0e58595e2d916701d247159,California Prop 50 results 2025,Proposition 50 sparks fierce campaigning ahead of pivotal vote,washingtonpost,washingtonexaminer,REDACTED,REDACTED,1,-1,-2,2,1714,1566,148,6.0
126,prop 50,c85134f85bab0d483c67f2cb53621e5b,8,07c984b3347e3347eba64006f3f4dc7f,6cbdfe5ce555a021cff4fe919f8f4879,Poll: Most Californians say they’ll vote yes on Proposition 50,Charles Munger Jr.’s Lonely Fight Against California Gerrymandering,politico,wsj,REDACTED,REDACTED,1,-2,-1,2,791,960,169,6.0
127,prop 50,5432a894d2a78987eb18b0c054fb300d,9,3a989d8f71f123fe91864501c06a5e58,d9a5a408b7ae37cf1b2aa98134654bf5,What to Know About the California Special Election,A Health Insurance Giant Quietly Bankrolls Gavin Newsom’s Partisan Power Grab,nytimes,dailywire,REDACTED,REDACTED,1,-1,-2,1,6918,6928,10,5.0
128,prop 50,0dca54a389a9669396a84a7d20fff8af,10,116c1815b0d6e4ef53c8ee011d3662a3,947e441e415536e281569f761271492e,Voting underway in 2025 election that may determine if Republicans hold House in 2026 midterms,EXCLUSIVE: Calif. Lawmaker Intends to Bring Lawsuit Against Prop 50 Map to Supreme Court,foxnews,dailysignal,REDACTED,REDACTED,1,-1,-2,1,4858,4869,11,5.0
129,prop 50,698734459b7adbc50e98897a66ed97a2,11,07e2bb08aa631db2f281d0f34e4c15a8,83fbb09e9a98cc47c46c323eb5c934cb,Newsom set to rally Texas Dems with victory lap days after Prop 50 passes: 'California stepped up',Soros drops massive donation into Newsom's redistricting effort to counter Trump: report,foxnews,foxnews,REDACTED,REDACTED,1,-2,-1,1,3600,3581,19,5.0
130,prop 50,4cc4a9aac770f03848658fa2fc259142,12,6722497b8f1f6186132a808593b2020b,01d104087f9f551028d68c231f23f799,Live updates: Mamdani delivers fiery victory speech; California OKs redistricting measure,Republican sheriff halts inquiry into alleged fraud in California Prop 50 vote,thehill,theguardian,REDACTED,REDACTED,1,-1,-2,1,1925,1883,42,5.0
131,prop 50,4ec2d8455e9405ce9d31d81368a8e8a5,13,7041eb88a58a3e8eae43f5d277db6b38,35c7560708d1439b71f4b7a8006d341d,5 things to watch in Tuesday’s biggest Election Day contests,Schwarzenegger steps back into political arena in redistricting crusade,thehill,thehill,REDACTED,REDACTED,1,0,-2,2,8046,8127,81,5.0
132,prop 50,3ce200411ae3be79f42a47872b5065cf,14,92572a23f9e51fbbede4c163b19c5e12,8db48d76fee128406374a4fb44a51f65,"Voters in poll side with Newsom, Democrats on Prop. 50 — a potential blow to Trump and GOP","Trump, contradicting the California GOP, opposes early and mail-in voting in Prop. 50 election",latimes,latimes,REDACTED,REDACTED,2,-2,0,1,606,724,118,5.0
133,prop 50,f37bcde3825d5b31c00b1f2bb0be032d,15,d28b6c2f89f2cd3d15610792ffa0b825,5a92a519dd22b57695babab237d71fbb,Justice Department sues to block California US House map in clash that could tip control of Congress,Gavin Newsom’s Texas ‘victory lap’ breaks faith with Californians he’s left behind,newsnationnow,nypost,REDACTED,REDACTED,1,-1,-1,2,4125,3969,156,5.0
134,prop 50,b359b2104bebba41f1363ec7393ac0c0,16,72055c7b8798807d3a35e87237c87cde,ffe659814a7ce12202ca10fefc7d70a0,Your last-minute guide to Proposition 50: California redistricting,"California sheriff running for governor seizes over 650,000 ballots from 2025 election",latimes,theguardian,REDACTED,REDACTED,1,-1,-2,1,3047,2883,164,5.0
135,prop 50,00f565e324452fab3f061724356c283d,17,f4be84d65396e57749c079de4edcb954,d110f6c07a690b14fc449ed14f16888e,Fury as Humboldt County finds huge trove of uncounted ballots for controversial Prop 50 vote,California Republicans announce second legal challenge against Newsom’s redistricting effort,nypost,thehill,REDACTED,REDACTED,1,-1,-2,1,3654,3856,202,5.0
136,prop 50,fedba83432257b49ecf6df80e74d9eb1,18,04e6bba17745f7480de8044b34e98238,efe09279c2f571c53ce51c435e007734,This whole referendum in California is kind of complicated. Here’s what residents are voting on,DOJ joins lawsuit against Newsom over 'racial gerrymander' of California map,cnn,foxnews,REDACTED,REDACTED,1,-1,-1,1,2807,2806,1,4.0
137,prop 50,c9f6b0ba5a39dccb838f5d72012ff5a6,19,8fe93503e64f41d44f3a0021b8388575,fb3aca3f482be26305cfe7c012d5f80d,Almost half of Californians support Newsom’s redistricting move: Poll,Newsom’s Prop 50 Redistricting Measure Faces New Lawsuit from DOJ,thehill,newsweek,REDACTED,REDACTED,1,-1,-1,1,3937,3935,2,4.0
138,prop 50,fdfa9ce7b47b121ec34be56840e3a3d4,20,5f54f2cc417650d5052fe75e4164b34e,bcc40ecb4e1479b63f2603429803c749,Supreme Court shuts down California GOP bid to block Newsom's new map,"Newsom’s Prop 50 vanity project overwhelmingly passes, with Dems looking to flip 5 congressional seats in 2026 midterms",foxnews,nypost,REDACTED,REDACTED,1,-1,-1,1,3315,3270,45,4.0
139,prop 50,c4cc596dc98c1777f1af0732730420b2,21,2dc0c434f42ecca8296faf674e627852,3088d32e90fea9129009b18f12802493,Around 100 Proposition 50 ballots discovered at Sacramento-area homeless camp,California farmers push back on Prop 50 as Democrats eye new House map,cbsnews,foxnews,REDACTED,REDACTED,1,-1,-1,1,1930,2230,300,4.0
140,prop 50,66d875e081647b1ee30c94ff82a22d9d,22,a04632e333bec371827c6ed779b19076,2ec86b62968d1537d38e18d76a5ed4a5,Prop 50: appeals court rejects Republican bid to block California maps,"DOJ sues Gavin Newsom, California Democrats to stop Proposition 50 redistricting",theguardian,straight arrow news,REDACTED,REDACTED,1,0,-1,1,3478,3497,19,3.0
141,prop 50,42c9b3e0dd03301c3adabf02cf418046,23,69336c07224715ec80b7394a07c929f8,b92a1ca9fc7ae3a298396d81821992b1,What to know about California's Proposition 50 redistricting measure and the Nov. 4 special election,"Everything you need to know about Election Day 2025: Critical elections, ballot measures and more",cbsnews,foxnews,REDACTED,REDACTED,1,-1,0,1,7453,7611,158,3.0
142,prop 50,657d388d171d8d1423ec2affe32073e5,24,20be0ca132734fae33e0fa656aa8bd9d,b01307d449fa441a2e08e976ce234c9f,Newsom to donors: Stop giving money for redistricting effort,Ballot Initiative Aims to Bar California Lawmakers Who Support Prop. 50 From Seeking Public Office,thehill,theepochtimes,REDACTED,REDACTED,1,0,-1,1,2520,2688,168,3.0
143,voting_rights_act,453d4892a16d5a604f7e72eb382c3739,1,b336385fc5c70a8d71c0778e39611d62,1448befd9c5a809b5ea247c18b1632a6,NRCC praises Supreme Court Voting Rights Act ruling: ‘Victory for the Constitution’,Schumer rips ‘awful’ Supreme Court Voting Rights Act ruling,thehill,thehill,REDACTED,REDACTED,2,-2,-2,2,2698,2635,63,8.0
144,voting_rights_act,b9f03ed3e817fa83230116e5dcfdf5ac,2,b4a7a64d7d17c6d8b519cac9a3d13eb5,213386099be89aef918e14ecceb20cad,A Victory for Voting Rights at the Supreme Court,Mamdani slams Supreme Court’s Voting Rights Act ruling: ‘It risks disenfranchising millions’,wsj,thehill,REDACTED,REDACTED,2,-2,-2,2,1750,1862,112,8.0
145,voting_rights_act,97d4ea57fb0457fa7aba1dfb04459277,3,cb5644c306210b95f2386d9fc6e51a36,d6278961769385381f4a1d201f83829c,Media outrage over Supreme Court’s Voting Rights Act decision collides with reality,"What The Recent Voting Rights Ruling Means For Women, Representation And Who Gets Heard",foxnews,forbes,REDACTED,REDACTED,2,-2,-2,2,6231,6034,197,8.0
146,voting_rights_act,474582013bb67afbf873eb46f0c1a18f,4,8277e61087093990b356047aa0219efe,ea2af951114f80c9186a93c7f49e5a16,Nobody Is ‘Gutting’ the Voting Rights Act,Stacey Abrams on why gutting of the US Voting Rights Act is 'evil' – Stateside with Kai and Carter,wsj,theguardian,REDACTED,REDACTED,2,-2,-2,2,1572,1277,295,8.0
147,voting_rights_act,3490f3ba7c834f73a8e66bef90562fca,5,3b1e7de431dae2899dd6ad5050b98891,167d9d3bd895ffa4978d158f4f31c920,Voting Rights Act Supreme Court victory gets GOP giddy over saving midterms,Push for state-level voting rights acts renewed after supreme court ruling,nypost,theguardian,REDACTED,REDACTED,1,-2,-2,2,6501,6525,24,7.0
148,voting_rights_act,8c7403ca7cd3801528904d4a7a29399e,6,adf82aa7ab603fe1125e8d3d90de8fb0,330ff257488ff2b621dffdb3cf72ae75,Louisiana: Voting Rights Act 'balkanizes' competing racial factions,Supreme Court limits key provision of the landmark Voting Rights Act,washingtonexaminer,washingtonpost,REDACTED,REDACTED,1,-2,-2,2,1727,1888,161,7.0
149,voting_rights_act,4a25304938c1e23bc06174b4433c4716,7,7ae823590ec97b25410341c95c44f42b,98c910c9521c6c1df5d7c34a3e2bd6d3,Supreme Court voting rights ruling sparks new gerrymandering fights nationwide,Liberal Supreme Court justices say majority has ‘completed demolition’ of Voting Rights Act,thenationaldesk,thehill,REDACTED,REDACTED,1,-1,-2,2,3062,3063,1,6.0
150,voting_rights_act,0dec5e6b8e9cefb9eae363de79d361b3,8,18b4e4c07c26f6af74fea6d18cf5614b,746d0d724febf8c35d3b0c2bdc371df6,Trump allies plan Senate floor takeover to pass SAVE America Act,Supreme Court signals it may limit key Voting Rights Act rule,thehill,foxnews,REDACTED,REDACTED,1,0,-2,2,7909,7973,64,5.0
151,voting_rights_act,1a77272ae02e1326dd478d1d9723af7d,9,f5edd85fe0bb03bbbcb49c008b252672,caa22ade0969b7c366b3b652777a83c2,NEW: Sen. Marsha Blackburn Discusses New Bill to Incentivize Law Enforcement in Blue States to Work With ICE,This Is Getting Dangerous,foxnews,nytimes,REDACTED,REDACTED,1,0,-2,2,1262,1156,106,5.0
152,zohran inauguration,3a4cc8499e5fc6c53deee7be7c97c17b,1,8a4c36ef67d4b04156c837ed1102918c,3248de48f60cb994be9ffa459e0a2190,Chants of ‘Tax the Rich’ Fuel a Brooklyn Rave for Mayor Mamdani,"In Mamdani's War on Delivery Apps, New Yorkers Are the Collateral Damage",nytimes,reason,REDACTED,REDACTED,2,-2,-2,2,5455,5485,30,8.0
153,zohran inauguration,aba4119890ec8147af3837651b9aefc4,2,3463b655eb5a9c3f6204cfad49a23929,b6c0045d78a06646a9363e6a7ff9c470,Zohran Mamdani’s Muslim faith highlighted during his inauguration ceremony,Mayor Mamdani blasted for revoking city policies that support Israel: ‘Antisemitic gasoline on an open fire’,deseret,nypost,REDACTED,REDACTED,2,-2,-2,2,6816,6942,126,8.0
154,zohran inauguration,7bdc79e3e1f8c6365a9092db2425de52,3,ddb0c6f2a3d2f945f6c5a3ee2677f3b8,1c4f992fa6a86b9af5638f33a2804ff5,Mamdani signs EO to undo Eric Adams’s orders since his indictment,Critics say Mamdani’s vow to swap ‘rugged individualism’ with ‘warmth of collectivism’ has sinister undertone,newsnationnow,foxnews,REDACTED,REDACTED,2,-2,-2,2,2369,2216,153,8.0
155,zohran inauguration,4f6c0ce5512daeab2990ec342a32a1be,4,12027f65d506453386cf97764ed337a3,ef9a72e6e95cee0b8ebf19ad57f532f2,‘This Is Our Time’: Acclaimed Poet to Honor Mamdani With Inaugural Poem,One Man’s ‘Warmth of Collectivism’ Is Another’s Inferno,nytimes,nationalreview,REDACTED,REDACTED,2,-2,-2,2,6139,6313,174,8.0
156,zohran inauguration,6e0475c04e1ccd84dc2da6a7b0d5bf46,5,0429284f52b913c063555f1ebe5b2e04,49b48fafec29dd1e92c9a2278bf44fac,Mamdani Takes Office and Must Now Try to Deliver on His Boldest Promises,Mamdani on ‘the Warmth of Collectivism’,wsj,wsj,REDACTED,REDACTED,1,-2,-2,2,608,692,84,7.0
157,zohran inauguration,47a6efb841b3ce5946443385ddf01288,6,11abf7d537b4a7f2a2ebfbf4d5b5a5eb,1de83cf1222abd90af73491cc6c037f0,How Rama Duwaji’s $630 Boots Became A Test Of Female Credibility,Bishop Robert Barron slams Zohran Mamdani's 'warmth of collectivism' line: ‘For God’s sake’,forbes,foxnews,REDACTED,REDACTED,1,-2,-2,2,4162,4298,136,7.0
158,zohran inauguration,fefa6a8840b27170913da7d297bf4a0d,7,5d844bc43c5020878a746b1ed92a712c,3ce360797b193c7e000f8950b6db694b,Rama Duwaji Gives ‘Statement Coat’ New Meaning at Inauguration,Bishop Robert Barron slams Zohran Mamdani’s ‘warmth of collectivism’ line: ‘For God’s sake’,nytimes,nypost,REDACTED,REDACTED,1,-2,-2,2,3650,3795,145,7.0
159,zohran inauguration,dfffefb9262a30000d130dd778ada273,8,7c996cbe139278941c81ac227acd02a6,03e2899c8941f0b4b8ad65703e1e4b16,How Mamdani stunned New York - and what Democrats can learn from his win,The Red Apple: Mamdani pledges to introduce ‘the Warmth of Collectivism’,bbc,thehill,REDACTED,REDACTED,1,-2,-2,2,5382,5232,150,7.0
160,zohran inauguration,23d7e167aabfc09482b64ed60df11466,9,913c4047c1d798fbcb78e06bf4edeb7d,e1fa41586f01748d87589a479447f342,Ocasio-Cortez touts ‘new era for New York City’ at Mamdani inauguration,Tuberville on Mamdani using Quran at his swearing-in: ‘Enemy is inside the gates’,thehill,thehill,REDACTED,REDACTED,2,-2,-2,1,1930,2083,153,7.0
161,zohran inauguration,727508c0864ef750377d7bc58f8fb29e,10,656a6e21bf3742226f298b1175821510,803423db54a9891d350429e47bdc79d4,"Mamdani's 1st executive orders as NYC mayor boost renter protections, housing development","Socialist Zohran Mamdani’s wife, Rama Duwaji, appears to wear luxury $630 boots to swearing-in ceremony",cbsnews,nypost,REDACTED,REDACTED,2,-2,-2,1,2589,2758,169,7.0
162,zohran inauguration,915b2b85c43020dcd22c52fad38f8699,11,6837d36c3d92c2bef91d1d587041667f,48b1e4cba1b2ced4851efd31ada33449,"How to Watch Zohran Mamdani’s NYC Inauguration: Time, Info and Livestream","Zohran Mamdani’s team will pay for massive NYC block party, but questions remain over impacts: sources",newsweek,nypost,REDACTED,REDACTED,1,-2,-2,1,3518,3621,103,6.0
163,zohran inauguration,2ba5fea3207d97a8ebaaac972199e001,12,1fb5bd0ab6e82721fb85c64473856868,fdc954de9bcc394c03969b4b8d5782e4,"Mamdani Takes Oath, Vows to Govern 'Expansively and Audaciously' as a Democratic Socialist",Zohran Mamdani will be first mayor to be sworn in on Quran during New York City inauguration,cbn,foxnews,REDACTED,REDACTED,2,-2,-1,1,2712,2881,169,6.0
164,zohran inauguration,c17ca793d8dfbe3f3986363facdb1796,13,e641064efc4cfaffedf80a0f5930c218,a7a4603c611d1326cbb3f06b8cd8c1ab,"Curtis Sliwa defends Mamdani, chalks up Trump ‘love-fest’ to them both being ‘actors’","Mamdani 'accidentally honors' free market with subway station ceremony, Washington Post argues",thehill,foxnews,REDACTED,REDACTED,1,-2,-1,2,2848,3022,174,6.0
165,zohran inauguration,805ebab68fd2915af804bf05e9ec233b,14,01d4a04b4691251c4ea5186542ba249d,3d552ee8ff36f56a354caf488964ed99,Zohran Mamdani’s Popularity Hits New High—Poll,Mamdani’s lies about the rich are only meant to demonize — they already foot NYC’s bills,newsweek,nypost,REDACTED,REDACTED,1,-2,-2,1,2403,2609,206,6.0
166,zohran inauguration,2a8805530898dcf54df79dbf24d5379f,15,ae05134c3c6b6bfd239f60f5bd5ff352,1ce43c78c42feb909c02cec13dcc6a12,Zohran Mamdani plans Inauguration Day block party in NYC's famed Canyon of Heroes,Socialist Zohran Mamdani planning himself massive NYC party to celebrate incoming administration: sources,cbsnews,nypost,REDACTED,REDACTED,1,-2,-1,1,2109,2108,1,5.0
167,zohran inauguration,a8dc2c4da9296599dd20253ab0fae899,16,8b909b48346c4d3f147d7b1bcabc144f,5441a938bbb9e857d50a3700dd839a05,The history behind the NYC subway station chosen for Mamdani's swearing-in,Zohran Mamdani fans disappointed by disastrous ‘block party’ with no food or bathrooms,npr,nypost,REDACTED,REDACTED,1,-2,-1,1,3087,3141,54,5.0
168,zohran inauguration,ebca40446502c21ad36a8adeb0e5d743,17,7664ab6be14fa5d4e0f18df17eb7b2b1,41a0c74349c2fbc7d26bc461838fe2a3,‘You Are Worth It’: Jumaane Williams Delivers Powerful Inauguration Speech,Bad faith: NYC Catholics fume after Zohran Mamdani repeatedly snubs them,nytimes,nypost,REDACTED,REDACTED,1,-2,-1,1,3138,3269,131,5.0
169,zohran inauguration,417c553d01aac41f8987ef12a0896b88,18,6ede23c25f30e984f26e01563f5254d9,b8f5cefda7f1ee84b144467a3e916f36,Ocasio-Cortez Urges New Yorkers to Celebrate Mamdani’s Inauguration as Their Own,Eric Adams will attend rival Zohran Mamdani’s inauguration after weeks of doubt,nytimes,nypost,REDACTED,REDACTED,2,-2,0,1,1522,1656,134,5.0
170,zohran inauguration,474dcb5f1710f216edcb34ec47ac6442,19,0efb454b4c231439a1aed9976827c023,39c5d86e55805133d29dc15b3f510284,Mamdani to Establish New ‘Office of Mass Engagement’ Led by Veteran Socialist Organizer,Mamdani — who called cops ‘wicked’— will be protected by more than 350 officers for inaugural bash,nationalreview,nypost,REDACTED,REDACTED,1,-1,-1,1,3976,4002,26,4.0
